DROP TABLE authorISBN;
DROP TABLE titles;
DROP TABLE authors;

CREATE TABLE AUTHORS (
   AUTHOR_ID INT NOT NULL AUTO_INCREMENT PRIMARY KEY,
   FIRST_NAME NVARCHAR(20) NOT NULL,
   LAST_NAME NVARCHAR(30) NOT NULL
);

CREATE TABLE TITLES (
   ISBN NVARCHAR(20) NOT NULL PRIMARY KEY,
   TITLE NVARCHAR(100) NOT NULL,
   EDITION_NUBER INT NOT NULL,
   COPYRIGHT NVARCHAR(4) NOT NULL
);

CREATE TABLE AUTHORISBN (
   AUTHOR_ID INT NOT NULL,
   ISBN NVARCHAR(20) NOT NULL,
   FOREIGN KEY (AUTHOR_ID) REFERENCES authors (AUTHOR_ID), 
   FOREIGN KEY (isbn) REFERENCES titles (isbn)
);

INSERT INTO authors (FIRST_NAME, LAST_NAME)
VALUES 
   ('Terry','Pratchett'), 
   ('Dan','Brown'),
   ('Tom','Clancy'), 
   ('Joanne','Rowling'),
   ('Stephen','King');

INSERT INTO titles (ISBN, TITLE, EDITION_NUBER, COPYRIGHT)
VALUES
   ('0132152134','Night Watch',5,'2011'),
   ('0132151421','Inferno',4,'2011'),
   ('0132575663','Memory',9,'2012'), 
   ('0132662361','Harry Potter',8,'2012'),
   ('0132404168','It',6,'2010'),
   ('013705842X','Jack',1,'2010'),
   ('0132121360','Thud',1,'2012');

INSERT INTO authorISBN (AUTHOR_ID, ISBN)
VALUES
   (1,'0132152134'),
   (2,'0132152134'),
   (1,'0132151421'),
   (2,'0132151421'),
   (1,'0132575663'), 
   (2,'0132575663'), 
   (1,'0132662361'),
   (2,'0132662361'),
   (1,'0132404168'),
   (2,'0132404168'),
   (1,'013705842X'),
   (2,'013705842X'),
   (3,'013705842X'),
   (4,'013705842X'),
   (5,'013705842X'),
   (1,'0132121360'),
   (2,'0132121360'),
   (3,'0132121360'),
   (4,'0132121360');
